Drug,Timepoint,Mouse ID,Tumor Volume (mm3),Metastatic Sites
Capomulin,0,b128,45.0,0
Capomulin,5,b128,45.6513313083,0
Capomulin,10,b128,43.2708519028,0
Capomulin,15,b128,43.784893429600004,0
Capomulin,20,b128,42.7315519999,0
Capomulin,25,b128,43.262144827700006,1
Capomulin,30,b128,40.6053348648,1
Capomulin,35,b128,37.967644366900004,1
Capomulin,40,b128,38.3797259008,2
Capomulin,45,b128,38.9828777369,2
Ketapril,0,f932,45.0,0
Ketapril,0,g107,45.0,0
Ketapril,5,g107,48.791664955200005,0
Ketapril,10,g107,53.435986676400006,0
Ketapril,15,g107,58.1355448458,0
Ketapril,20,g107,62.7060314471,0
Ketapril,25,g107,64.6636257923,0
Ketapril,30,g107,69.1605198228,0
Ketapril,35,g107,71.9051172092,0
Ketapril,0,a457,45.0,0
Ketapril,5,a457,47.46289099770001,0
Ketapril,10,a457,49.7834189373,0
Ketapril,0,c819,45.0,0
Ketapril,5,c819,45.769248642200004,1
Ketapril,10,c819,46.6583952671,1
Ketapril,15,c819,48.3709991154,1
Ketapril,20,c819,49.7624147548,1
Ketapril,25,c819,51.8283570592,1
Ketapril,30,c819,56.0989981962,1
Ketapril,35,c819,57.7295346636,1
Ketapril,40,c819,62.175704646099994,1
Ketapril,0,h246,45.0,0
Ketapril,5,h246,49.470417015100004,0
Ketapril,10,h246,51.3688621605,1
Ketapril,15,h246,56.1843270149,1
Ketapril,20,h246,57.9359121766,1
Ketapril,25,h246,59.5488536968,1
Ketapril,30,h246,63.5996095357,1
Ketapril,35,h246,67.211270096,2
Ketapril,40,h246,71.1508346844,2
Ketapril,45,h246,74.1040856682,2
Ketapril,0,p189,45.0,0
Ketapril,5,p189,49.048707041499995,1
Ketapril,10,p189,51.582161675600005,2
Ketapril,15,p189,53.6755415046,2
Ketapril,20,p189,56.5302044709,3
Ketapril,25,p189,62.108959561300004,3
Ketapril,30,p189,67.1045366507,4
Ketapril,35,p189,67.87377675180001,4
Ketapril,40,p189,74.10609077310001,4
Ketapril,45,p189,75.2949359046,4
Ketapril,0,n923,45.0,0
Ketapril,5,n923,45.8248809938,0
Ketapril,10,n923,48.791949861499994,1
Ketapril,15,n923,51.7387062263,1
Ketapril,20,n923,52.599206108000004,1
Ketapril,25,n923,56.85546497520001,2
Ketapril,30,n923,59.632560523100004,3
Ketapril,35,n923,60.3562943168,3
Ketapril,40,n923,66.22960553909999,3
Ketapril,0,q119,45.0,0
Ketapril,5,q119,47.864440003199995,0
Ketapril,10,q119,51.236605572399995,0
Naftisol,0,f993,45.0,0
Naftisol,5,f993,46.3957596587,0
Naftisol,10,f993,48.1853732268,0
Naftisol,15,f993,49.1069747343,1
Naftisol,20,f993,52.0795100926,1
Naftisol,0,z234,45.0,0
Naftisol,5,z234,46.129357058500005,1
Naftisol,0,b559,45.0,0
Naftisol,5,b559,47.409897307,0
Naftisol,10,b559,48.0364320179,0
Naftisol,15,b559,51.3788622899,0
Naftisol,20,b559,55.654455716899996,1
Naftisol,25,b559,57.043669290699995,1
Naftisol,30,b559,61.19038662609999,1
Naftisol,35,b559,65.7057627543,1
Naftisol,40,b559,69.9696164479,1
Naftisol,45,b559,73.0513633905,1
Ketapril,0,y260,45.0,0
Ketapril,5,y260,46.79983867,0
Ketapril,10,y260,48.0818067794,1
Ketapril,15,y260,50.1961522424,2
Ketapril,20,y260,50.7295817393,3
Ketapril,25,y260,54.437561723,4
Ketapril,30,y260,58.5826763418,4
Ketapril,35,y260,59.603558210900005,4
Ketapril,40,y260,60.9141762702,4
Ketapril,45,y260,62.909440620299996,4
Naftisol,0,x930,45.0,0
Naftisol,5,x930,46.078233754799996,0
Naftisol,10,x930,50.2606944112,0
Naftisol,15,x930,51.9737686396,0
Naftisol,20,x930,52.5560657478,0
Naftisol,25,x930,53.726101300699995,0
Naftisol,0,o725,45.0,0
Naftisol,5,o725,46.88982097939999,0
Naftisol,10,o725,48.199451995100006,0
Naftisol,15,o725,50.0150790177,1
Naftisol,0,z969,45.0,0
Naftisol,5,z969,49.3329987284,0
Naftisol,10,z969,52.6560814792,1
Naftisol,15,z969,54.713004523900004,2
Naftisol,20,z969,57.8987782255,2
Naftisol,25,z969,63.1456521274,2
Naftisol,30,z969,65.8410127448,3
Naftisol,35,z969,69.17624606689999,4
Naftisol,40,z969,70.3149041142,4
Naftisol,45,z969,73.8678447583,4
Naftisol,0,v835,45.0,0
Naftisol,5,v835,47.1560107135,0
Naftisol,10,v835,48.9659179711,0
Naftisol,15,v835,50.5452064621,1
Naftisol,20,v835,51.296542658999996,2
Naftisol,0,r604,45.0,0
Naftisol,5,r604,47.067744482399995,1
Naftisol,10,r604,48.7865595745,1
Naftisol,15,r604,51.0745207273,1
Naftisol,20,r604,51.9027529201,1
Naftisol,25,r604,52.9368581162,1
Naftisol,30,r604,54.688215356,2
Naftisol,35,r604,59.217000146000004,2
Naftisol,40,r604,60.1861153114,2
Naftisol,45,r604,62.670759039,3
Naftisol,0,n304,45.0,0
Naftisol,5,n304,46.431216293199995,0
Naftisol,10,n304,47.201250968400004,0
Naftisol,15,n304,48.477978952,0
Naftisol,20,n304,49.2533086334,1
Naftisol,25,n304,53.970859244799996,2
Naftisol,30,n304,55.0390198529,3
Naftisol,35,n304,57.12241925560001,4
Naftisol,40,n304,59.8305066732,4
Naftisol,45,n304,63.5863951382,4
Naftisol,0,l700,45.0,0
Naftisol,5,l700,45.918371650699996,0
Naftisol,10,l700,47.013566517700006,1
Naftisol,15,l700,49.040225293999995,1
Naftisol,20,l700,50.7347681083,1
Naftisol,25,l700,54.234501806400004,1
Naftisol,30,l700,56.6532149954,1
Naftisol,35,l700,61.4626035412,1
Naftisol,40,l700,62.9866779843,1
Naftisol,45,l700,63.9466404372,1
Naftisol,0,x336,45.0,0
Naftisol,0,l725,45.0,0
Naftisol,5,l725,48.7363188117,1
Naftisol,10,l725,50.8239115379,2
Naftisol,15,l725,54.24456268310001,2
Naftisol,20,l725,59.615154796800006,2
Naftisol,25,l725,65.008828889,2
Naftisol,30,l725,66.5995451484,3
Naftisol,35,l725,69.125701726,3
Naftisol,40,l725,73.69349381880001,3
Naftisol,45,l725,76.66881741729999,3
Naftisol,0,m133,45.0,0
Naftisol,5,m133,46.621301269700005,0
Naftisol,10,m133,47.5033380291,0
Naftisol,15,m133,48.6652074029,1
Naftisol,20,m133,52.636882487,1
Naftisol,25,m133,54.0824366171,2
Naftisol,0,v295,45.0,0
Naftisol,5,v295,46.111817974,1
Naftisol,10,v295,47.539462157299994,2
Naftisol,15,v295,50.6660539088,2
Naftisol,20,v295,55.731375354899996,3
Naftisol,25,v295,57.6918591767,3
Naftisol,30,v295,59.3337720245,3
Naftisol,35,v295,61.8931526689,3
Naftisol,40,v295,65.4660744433,3
Naftisol,0,a818,45.0,0
Naftisol,5,a818,45.696708639499995,0
Naftisol,10,a818,49.7909194758,0
Naftisol,15,a818,51.227565649700004,0
Naftisol,20,a818,54.8346244991,0
Naftisol,25,a818,56.9662733232,0
Naftisol,30,a818,60.0723719791,0
Naftisol,35,a818,63.298545858400004,0
Naftisol,40,a818,69.2738137369,1
Naftisol,45,a818,74.9977644288,2
Naftisol,0,y601,45.0,0
Naftisol,5,y601,48.4750027309,1
Naftisol,0,t724,45.0,0
Naftisol,5,t724,46.359258294300005,0
Naftisol,10,t724,50.703899650699995,0
Naftisol,15,t724,55.584617236499994,0
Naftisol,20,t724,57.229409142799994,0
Naftisol,25,t724,59.826067973,1
Naftisol,30,t724,64.2345946982,2
Naftisol,35,t724,67.7443279491,2
Naftisol,40,t724,69.7283255901,2
Naftisol,45,t724,75.1132880077,2
Ketapril,0,k382,45.0,0
Ketapril,5,k382,46.274997348,1
Ketapril,10,k382,50.180967626400005,1
Ketapril,15,k382,54.42916821359999,1
Ketapril,20,k382,57.8243507069,2
Ketapril,25,k382,59.503903917799995,3
Ketapril,30,k382,63.469441546400006,4
Ketapril,35,k382,66.079184831,4
Ketapril,40,k382,67.4209552138,4
Ketapril,45,k382,73.7156189986,4
Ketapril,0,w422,45.0,0
Ketapril,5,w422,48.45745927270001,0
Ketapril,10,w422,49.9359702353,0
Ketapril,15,w422,52.2463098495,0
Ketapril,20,w422,53.676243359,1
Ketapril,25,w422,56.9579171512,2
Ketapril,30,w422,60.0966346716,3
Ketapril,35,w422,61.4096199392,4
Ketapril,40,w422,63.0725846692,4
Ketapril,45,w422,67.9895300127,4
Infubinol,0,c326,45.0,0
Infubinol,5,c326,49.3402031759,0
Infubinol,0,c139,45.0,0
Infubinol,5,c139,48.7531120759,0
Infubinol,10,c139,49.99295390939999,0
Infubinol,15,c139,51.8332246013,0
Infubinol,20,c139,56.7420068107,0
Infubinol,25,c139,61.4619697626,0
Infubinol,30,c139,64.1498707741,1
Infubinol,35,c139,67.8214196868,1
Infubinol,40,c139,69.4281409486,2
Infubinol,45,c139,72.2267308995,2
Infubinol,0,v339,45.0,0
Infubinol,5,v339,46.2501121227,0
Infubinol,0,a577,45.0,0
Infubinol,5,a577,46.1977199027,1
Infubinol,10,a577,49.509638899399995,1
Infubinol,15,a577,50.915006624499995,2
Infubinol,20,a577,52.3651845662,2
Infubinol,25,a577,54.38093153810001,2
Infubinol,30,a577,57.0318618675,2
Infubinol,0,y163,45.0,0
Infubinol,5,y163,48.284970156199996,0
Infubinol,10,y163,49.112399097700006,1
Infubinol,15,y163,51.523068431700004,1
Infubinol,20,y163,54.57107607060001,1
Infubinol,25,y163,56.1763845158,1
Infubinol,30,y163,59.41253724,2
Infubinol,35,y163,61.7301956164,2
Infubinol,40,y163,63.6206795825,2
Infubinol,45,y163,67.68556862300001,3
Infubinol,0,k483,45.0,0
Infubinol,5,k483,46.6110557083,0
Infubinol,10,k483,50.2960412296,1
Infubinol,15,k483,53.2444581257,1
Infubinol,20,k483,54.7789605219,1
Infubinol,25,k483,57.4320073076,2
Infubinol,30,k483,59.747077081899995,2
Infubinol,35,k483,60.5415615864,2
Infubinol,40,k483,64.13872489020001,3
Infubinol,45,k483,66.1969115113,3
Infubinol,0,k804,45.0,0
Infubinol,5,k804,48.2662036417,0
Infubinol,10,k804,49.471244186199996,0
Infubinol,15,k804,50.477618236800005,0
Infubinol,20,k804,54.484519445100005,0
Infubinol,25,k804,55.6748079834,1
Infubinol,30,k804,59.24061511359999,2
Infubinol,35,k804,62.117278866099994,2
Infubinol,0,o809,45.0,0
Infubinol,5,o809,46.8772431606,0
Infubinol,10,o809,48.6707318029,0
Infubinol,15,o809,49.68344504,1
Infubinol,20,o809,50.3365528785,1
Infubinol,25,o809,52.3181740669,1
Infubinol,30,o809,54.832628797299996,1
Infubinol,35,o809,55.629428464600004,1
Infubinol,0,z581,45.0,0
Infubinol,5,z581,49.273091866,1
Infubinol,10,z581,50.478750159099995,2
Infubinol,15,z581,51.196304201400004,2
Infubinol,20,z581,51.807944156000005,2
Infubinol,25,z581,54.3164068167,2
Infubinol,30,z581,56.2867499051,2
Infubinol,35,z581,58.6283987816,3
Infubinol,40,z581,60.053739633999996,3
Infubinol,45,z581,62.754451407299996,3
Infubinol,0,a251,45.0,0
Infubinol,5,a251,46.9821271904,0
Infubinol,10,a251,48.5911790054,1
Infubinol,15,a251,50.5344560313,1
Infubinol,20,a251,54.4625937637,1
Infubinol,25,a251,57.4146456985,1
Infubinol,30,a251,59.8612412853,1
Infubinol,35,a251,60.9038845483,1
Infubinol,40,a251,63.0950756519,1
Infubinol,45,a251,65.5257428523,1
Infubinol,0,i386,45.0,0
Infubinol,5,i386,46.853696687399996,1
Infubinol,10,i386,49.8615473917,2
Infubinol,15,i386,51.7365608832,2
Infubinol,20,i386,55.0877244473,2
Infubinol,25,i386,56.68786391770001,3
Infubinol,30,i386,59.1336402878,3
Infubinol,35,i386,64.9254203733,3
Infubinol,40,i386,67.2896214667,4
Ketapril,0,c580,45.0,0
Ketapril,5,c580,46.628454796999996,0
Ketapril,10,c580,47.5701738225,1
Ketapril,15,c580,51.991708001800006,1
Ketapril,20,c580,55.575321945,2
Ketapril,25,c580,56.2890623117,2
Ketapril,30,c580,58.0465694091,3
Infubinol,0,q132,45.0,0
Infubinol,5,q132,46.7163985039,1
Infubinol,10,q132,47.9538437692,2
Infubinol,15,q132,49.159748620500004,3
Infubinol,20,q132,51.909024942799995,4
Infubinol,25,q132,52.780489297200006,4
Infubinol,30,q132,54.65654872100001,4
Ketapril,0,u327,45.0,0
Ketapril,5,u327,45.694188046099995,0
Ketapril,10,u327,49.2352594778,0
Ketapril,15,u327,50.6599643742,0
Ketapril,20,u327,53.189879068100005,0
Ketapril,25,u327,56.0596340925,0
Ketapril,30,u327,57.3140723863,0
Ketapril,35,u327,58.089028365,1
Ketapril,40,u327,60.466545411800006,1
Ketapril,45,u327,66.2688013293,2
Ketapril,0,v603,45.0,0
Ketapril,5,v603,46.0160059345,0
Ketapril,10,v603,47.830556800699995,0
Ketapril,15,v603,52.1029474359,0
Ketapril,20,v603,53.7212419313,0
Ketapril,25,v603,56.0752300146,1
Ketapril,30,v603,57.99055377609999,1
Ketapril,35,v603,63.189431838599994,1
Ketapril,0,f278,45.0,0
Ketapril,5,f278,48.1945778805,0
Ketapril,0,g497,45.0,0
Ketapril,5,g497,48.782068780799996,0
Ketapril,10,g497,49.6470864981,0
Ketapril,15,g497,53.646168043500005,1
Ketapril,20,g497,55.0969935585,1
Ketapril,25,g497,57.524446106199996,2
Ketapril,30,g497,61.1081859982,2
Ketapril,35,g497,64.0948892973,2
Ketapril,40,g497,67.7428140557,2
Ketapril,45,g497,69.87225079470001,2
Ketapril,0,d474,45.0,0
Ketapril,5,d474,45.9183522533,0
Ketapril,10,d474,46.974962972700006,0
Ketapril,15,d474,47.7779358439,0
Ketapril,20,d474,51.731494160299995,0
Ketapril,25,d474,54.2793246201,0
Ketapril,30,d474,55.3413415734,0
Ketapril,35,d474,56.47911256890001,0
Ketapril,40,d474,60.233732778100006,1
Ketapril,0,o973,45.0,0
Ketapril,5,o973,46.7178772684,0
Ketapril,10,o973,48.2457904318,0
Ketapril,15,o973,49.871935818500006,0
Ketapril,20,o973,51.9569930962,1
Ketapril,25,o973,53.179814707700004,1
Ketapril,30,o973,57.7699595186,1
Ketapril,35,o973,60.2422193118,1
Ketapril,40,o973,64.4878124585,2
Ketapril,0,c832,45.0,0
Ketapril,5,c832,48.6854612346,1
Ketapril,10,c832,49.8114126213,1
Ketapril,15,c832,52.8645344875,1
Ketapril,20,c832,56.7102335288,1
Ketapril,25,c832,58.8918164429,2
Ketapril,30,c832,60.4963757866,2
Ketapril,35,c832,61.124487169700004,2
Ketapril,40,c832,62.5723181635,2
Ketapril,45,c832,65.415954505,3
Ketapril,0,o331,45.0,0
Ketapril,5,o331,47.0596640836,1
Ketapril,10,o331,50.12845481430001,1
Ketapril,15,o331,54.789767686800005,1
Ketapril,20,o331,58.9657204314,1
Ketapril,25,o331,61.102305748199996,1
Ketapril,30,o331,66.3306634729,1
Ketapril,35,o331,70.126237536,2
Ketapril,40,o331,71.4477425103,3
Ketapril,45,o331,78.56701362140001,4
Ketapril,0,m650,45.0,0
Ketapril,5,m650,48.5624949203,1
Ketapril,10,m650,50.9689976283,1
Ketapril,15,m650,53.149559331099994,1
Ketapril,20,m650,56.7779387968,2
Ketapril,25,m650,62.2535969021,2
Ketapril,30,m650,64.90188754729999,3
Ketapril,35,m650,69.2657468118,4
Ketapril,40,m650,70.7970678729,4
Ketapril,45,m650,73.9013991214,4
Ketapril,0,v289,45.0,0
Ketapril,5,v289,46.204460026999996,0
Ketapril,10,v289,48.1334820691,0
Ketapril,15,v289,52.6021656439,0
Ketapril,20,v289,54.2500539748,0
Ketapril,25,v289,56.7200954451,0
Ketapril,0,m550,45.0,0
Ketapril,5,m550,49.0540973629,1
Ketapril,10,m550,50.5480345687,2
Ketapril,15,m550,51.166065441499995,3
Ketapril,20,m550,53.7579447558,3
Ketapril,25,m550,57.620682368999994,4
Ketapril,30,m550,60.8565427184,4
Ketapril,35,m550,62.5391538587,4
Ketapril,40,m550,68.2107201909,4
Ketapril,45,m550,69.2535031225,4
Ketapril,0,h428,45.0,0
Naftisol,0,r701,45.0,0
Naftisol,5,r701,46.886971367,0
Naftisol,10,r701,49.6545963593,0
Naftisol,15,r701,52.4848044296,0
Naftisol,20,r701,54.114137417799995,0
Naftisol,25,r701,57.89848998,1
Naftisol,30,r701,60.3418187213,1
Naftisol,35,r701,64.730010445,1
Naftisol,40,r701,66.6407217789,1
Naftisol,45,r701,69.7785440734,1
Naftisol,0,v199,45.0,0
Naftisol,0,x264,45.0,0
Naftisol,5,x264,47.0384145045,0
Naftisol,10,x264,47.8871276545,1
Naftisol,15,x264,50.0023140274,1
Naftisol,20,x264,53.074269727,1
Naftisol,25,x264,56.8910528277,2
Naftisol,30,x264,58.1586942342,3
Naftisol,35,x264,61.2996077776,4
Naftisol,40,x264,63.2832882078,4
Stelasyn,0,f234,45.0,0
Stelasyn,5,f234,47.3134906249,0
Stelasyn,10,f234,47.90432375140001,0
Stelasyn,15,f234,48.7351971444,1
Stelasyn,20,f234,51.11271292560001,2
Stelasyn,25,f234,52.178602209,2
Stelasyn,30,f234,56.873816543100006,2
Stelasyn,35,f234,57.748758312,2
Ramicane,0,c458,45.0,0
Ramicane,5,c458,45.7222794933,0
Ramicane,10,c458,44.45437828479999,1
Ramicane,15,c458,45.107423133000005,2
Ramicane,20,c458,39.505135082399995,2
Ramicane,25,c458,37.7531496418,2
Ramicane,30,c458,38.342008229899996,2
Ramicane,0,q610,45.0,0
Ramicane,5,q610,45.6294942066,0
Ramicane,10,q610,44.9914847141,0
Ramicane,15,q610,45.8890275598,0
Ramicane,20,q610,46.5854334737,0
Ramicane,25,q610,40.146450191599996,0
Ramicane,30,q610,40.6683425615,1
Ramicane,35,q610,36.561652291,2
Ramicane,0,j913,45.0,0
Ramicane,5,j913,44.01490022,0
Ramicane,10,j913,44.497162163999995,0
Ramicane,15,j913,45.2525342738,0
Ramicane,20,j913,42.168341324699995,0
Ramicane,25,j913,37.8606693634,0
Ramicane,30,j913,34.7572404559,0
Ramicane,35,j913,35.1701484317,0
Ramicane,40,j913,31.001860776100003,1
Ramicane,45,j913,31.5604695499,1
Ramicane,0,a411,45.0,0
Ramicane,5,a411,45.466677143000005,0
Ramicane,10,a411,40.759787622800005,1
Ramicane,15,a411,41.4841688531,1
Ramicane,20,a411,38.0873731814,1
Ramicane,25,a411,38.7014384033,1
Ramicane,30,a411,39.1307372379,1
Ramicane,35,a411,39.7172358898,1
Ramicane,40,a411,40.2588176479,1
Ramicane,45,a411,38.407618303,1
Ramicane,0,a444,45.0,0
Ramicane,5,a444,44.0059748662,0
Ramicane,10,a444,44.512559514799996,0
Ramicane,15,a444,43.001279573000005,0
Ramicane,20,a444,41.714618737100004,0
Ramicane,25,a444,42.2913943669,0
Ramicane,30,a444,42.786278345700005,0
Ramicane,35,a444,41.735950834200004,0
Ramicane,40,a444,42.5049255428,0
Ramicane,45,a444,43.0475426023,0
Ramicane,0,d251,45.0,0
Ramicane,5,d251,41.746354951,1
Ramicane,10,d251,42.432257913200004,1
Ramicane,15,d251,39.4727874418,1
Ramicane,20,d251,37.6520908462,1
Ramicane,25,d251,38.0975132842,1
Ramicane,30,d251,38.718256383800004,2
Ramicane,35,d251,37.7085294203,2
Ramicane,40,d251,38.2654037868,2
Ramicane,45,d251,37.311235519499995,2
Ramicane,0,j989,45.0,0
Ramicane,5,j989,45.6207183526,1
Ramicane,10,j989,46.3438323743,1
Ramicane,15,j989,41.1283543948,1
Ramicane,20,j989,41.6353442608,1
Ramicane,25,j989,39.9341124852,1
Ramicane,30,j989,34.6717810711,1
Ramicane,35,j989,35.1155898014,1
Ramicane,40,j989,35.501190136700004,1
Ramicane,45,j989,36.134852433,1
Ramicane,0,y449,45.0,0
Ramicane,5,y449,45.8775449377,0
Ramicane,10,y449,46.3780924822,0
Ramicane,15,y449,44.1834509224,0
Ramicane,0,k403,45.0,0
Ramicane,5,k403,38.8258980681,0
Ramicane,10,k403,35.014271464000004,1
Ramicane,15,k403,34.2239917444,1
Ramicane,20,k403,32.9977285776,1
Ramicane,25,k403,33.4645773532,1
Ramicane,30,k403,31.0994975278,1
Ramicane,35,k403,26.546993430700002,1
Ramicane,40,k403,24.3655047062,1
Ramicane,45,k403,22.0501262735,1
Ramicane,0,c758,45.0,0
Ramicane,5,c758,45.5786783011,0
Ramicane,10,c758,46.2879922276,0
Ramicane,15,c758,46.94094512149999,1
Ramicane,20,c758,43.1263113953,1
Ramicane,25,c758,43.602267302600005,1
Ramicane,30,c758,44.1182702761,1
Ramicane,35,c758,37.802385459899995,1
Ramicane,40,c758,32.8331885798,1
Ramicane,45,c758,33.3976525121,1
Stelasyn,0,x402,45.0,0
Stelasyn,5,x402,46.327570271099994,1
Stelasyn,10,x402,46.886962488100004,1
Stelasyn,15,x402,49.1199478021,1
Stelasyn,20,x402,50.4147504143,2
Stelasyn,25,x402,52.4317366358,2
Stelasyn,30,x402,54.3515846335,3
Stelasyn,35,x402,55.2409622264,3
Stelasyn,40,x402,56.6917229436,3
Stelasyn,45,x402,61.6196061525,3
Ramicane,0,r811,45.0,0
Ramicane,5,r811,45.62580225399999,0
Ramicane,10,r811,39.453902997,0
Ramicane,15,r811,40.0222923465,0
Ramicane,20,r811,40.772802703400004,0
Ramicane,25,r811,37.6140106808,0
Ramicane,30,r811,38.242066388699996,0
Ramicane,35,r811,36.003020161,1
Ramicane,40,r811,36.5200328965,1
Ramicane,45,r811,37.2256503301,1
Ramicane,0,a644,45.0,0
Ramicane,5,a644,45.5501575368,0
Ramicane,10,a644,46.380712583299996,0
Ramicane,15,a644,46.9108916644,0
Ramicane,20,a644,45.8650646108,0
Ramicane,25,a644,41.481224077600004,0
Ramicane,30,a644,37.2111206315,0
Ramicane,35,a644,35.128630831399995,0
Ramicane,40,a644,35.7794508609,0
Ramicane,45,a644,32.9785219169,1
Ramicane,0,i177,45.0,0
Ramicane,5,i177,44.0653978295,0
Ramicane,10,i177,41.0209292412,0
Ramicane,15,i177,40.3309347927,0
Ramicane,20,i177,35.345361359099996,0
Ramicane,25,i177,34.082180303099996,1
Ramicane,30,i177,34.711473016,1
Ramicane,35,i177,35.152166204299995,1
Ramicane,40,i177,35.5579327877,2
Ramicane,45,i177,33.5624021721,3
Ramicane,0,g791,45.0,0
Ramicane,5,g791,45.8515306212,0
Ramicane,10,g791,40.1705584752,0
Ramicane,15,g791,40.6781285242,0
Ramicane,20,g791,41.2118970031,0
Ramicane,25,g791,35.5693993504,1
Ramicane,30,g791,34.952582842300004,1
Ramicane,35,g791,30.9603919427,1
Ramicane,40,g791,31.3694057336,1
Ramicane,45,g791,29.1284718087,1
Ramicane,0,a520,45.0,0
Ramicane,5,a520,38.7237069501,0
Ramicane,10,a520,36.4293878059,0
Ramicane,15,a520,35.5902540041,0
Ramicane,20,a520,35.9477451367,0
Ramicane,25,a520,36.5585812854,1
Ramicane,30,a520,36.9477098106,1
Ramicane,35,a520,37.6247102563,1
Ramicane,40,a520,38.259724974099996,1
Ramicane,45,a520,38.8103663256,1
Ramicane,0,u196,45.0,0
Ramicane,5,u196,45.5574644428,1
Ramicane,10,u196,46.4229430611,1
Ramicane,15,u196,47.2271706546,1
Ramicane,20,u196,46.1053630289,1
Ramicane,25,u196,46.7053253976,1
Ramicane,30,u196,47.622816356,2
Ramicane,35,u196,47.0014654238,2
Ramicane,40,u196,43.4536867949,2
Ramicane,45,u196,40.6677129221,3
Ramicane,0,m546,45.0,0
Ramicane,5,m546,42.9988763811,0
Ramicane,10,m546,43.748223567,0
Ramicane,15,m546,39.8974353259,0
Ramicane,20,m546,36.7122953532,0
Ramicane,25,m546,37.4444454297,0
Ramicane,30,m546,37.9699336498,0
Ramicane,35,m546,38.6275358055,1
Ramicane,40,m546,35.1145752025,1
Ramicane,45,m546,30.564625086,1
Ramicane,0,w678,45.0,0
Ramicane,5,w678,43.1663726574,0
Ramicane,0,n364,45.0,0
Ramicane,5,n364,45.5218747106,0
Ramicane,10,n364,40.3751381982,0
Ramicane,15,n364,36.940273989699996,0
Ramicane,20,n364,37.4788684978,0
Ramicane,25,n364,33.2050082421,0
Ramicane,30,n364,33.8177579986,0
Ramicane,35,n364,34.4875220422,1
Ramicane,40,n364,34.9547331119,1
Ramicane,45,n364,31.0953350465,1
Ramicane,0,s508,45.0,0
Ramicane,5,s508,38.7118718494,0
Ramicane,10,s508,34.850997904699994,0
Ramicane,15,s508,35.276906340500005,0
Ramicane,20,s508,35.9286508321,0
Ramicane,25,s508,36.3385689369,0
Ramicane,30,s508,35.4740223478,0
Ramicane,35,s508,35.846140698,0
Ramicane,40,s508,32.798171188299996,0
Ramicane,45,s508,30.2762317489,0
Ramicane,0,e662,45.0,0
Ramicane,5,e662,45.8162825207,0
Ramicane,10,e662,46.4090838477,0
Ramicane,15,e662,43.5537733856,0
Ramicane,20,e662,44.0012957974,0
Ramicane,25,e662,44.6645943219,1
Ramicane,30,e662,45.350232415600004,1
Ramicane,35,e662,43.220276364700005,1
Ramicane,40,e662,44.0067238476,2
Ramicane,45,e662,40.6590062721,2
Ramicane,0,z578,45.0,0
Ramicane,5,z578,42.1887866197,0
Ramicane,10,z578,42.9521184289,0
Ramicane,15,z578,38.6885160717,0
Ramicane,20,z578,36.890016346799996,0
Ramicane,25,z578,37.4141141905,0
Ramicane,30,z578,37.8159348669,0
Ramicane,35,z578,38.504824438,0
Ramicane,40,z578,34.0220933558,0
Ramicane,45,z578,30.6386957475,0
Ramicane,0,r921,45.0,0
Ramicane,5,r921,45.56821082850001,0
Ramicane,10,r921,42.7119269415,0
Ramicane,15,r921,43.5272605378,0
Ramicane,20,r921,44.136315884700004,0
Ramicane,25,r921,42.655340893099996,1
Ramicane,30,r921,43.4193807663,1
Stelasyn,0,a492,45.0,0
Stelasyn,5,a492,46.40914338899999,0
Stelasyn,10,a492,48.432196607600005,0
Stelasyn,15,a492,51.9852629008,0
Stelasyn,20,a492,53.677192528199996,0
Stelasyn,25,a492,54.70122868399999,1
Stelasyn,30,a492,56.201041043500005,1
Stelasyn,35,a492,57.3085537947,1
Stelasyn,40,a492,57.9284989721,1
Stelasyn,45,a492,60.1220105157,1
Stelasyn,0,w540,45.0,0
Stelasyn,5,w540,45.8853703831,1
Stelasyn,10,w540,47.4590665763,1
Stelasyn,15,w540,48.2501463553,2
Stelasyn,20,w540,50.6727274492,2
Stelasyn,25,w540,52.600269551800004,2
Stelasyn,0,v764,45.0,0
Stelasyn,5,v764,47.0541847448,0
Stelasyn,10,v764,48.1890006167,1
Stelasyn,15,v764,49.4126241794,2
Naftisol,0,z795,45.0,0
Naftisol,5,z795,46.833474934799995,0
Naftisol,10,z795,48.030803902399995,0
Naftisol,15,z795,49.3681318879,1
Naftisol,20,z795,53.2806571743,1
Naftisol,25,z795,57.9470998402,2
Naftisol,30,z795,59.789635903999994,2
Naftisol,35,z795,60.435654163900004,2
Naftisol,40,z795,62.3766388411,3
Naftisol,45,z795,65.74107029390001,3
Naftisol,0,e291,45.0,0
Naftisol,5,e291,46.1425048634,0
Naftisol,10,e291,48.5297412455,1
Naftisol,15,e291,49.3484262002,1
Naftisol,20,e291,52.533764786999996,1
Naftisol,25,e291,55.1389525025,2
Naftisol,0,e584,45.0,0
Naftisol,5,e584,45.656978496,0
Naftisol,10,e584,47.2506414788,0
Naftisol,15,e584,48.4304105275,1
Naftisol,20,e584,50.344920952799995,2
Naftisol,25,e584,51.3864190841,2
Naftisol,30,e584,54.9844076668,3
Naftisol,35,e584,58.0865598876,3
Naftisol,40,e584,62.8168708302,4
Naftisol,45,e584,68.3597766991,4
Naftisol,0,e213,45.0,0
Naftisol,5,e213,45.699250182600004,1
Naftisol,10,e213,47.39157120229999,2
Naftisol,15,e213,51.791695296099995,2
Naftisol,20,e213,52.6137628852,2
Naftisol,25,e213,55.224476148,2
Naftisol,30,e213,56.458728642299995,3
Naftisol,35,e213,58.2458543541,3
Naftisol,40,e213,60.2365479716,3
Naftisol,45,e213,63.105696295200005,4
Naftisol,0,j755,45.0,0
Naftisol,5,j755,47.242843570299996,0
Naftisol,10,j755,48.167060829499995,0
Naftisol,15,j755,51.4539739071,0
Naftisol,20,j755,55.49660752810001,1
Naftisol,25,j755,58.055818216400006,1
Naftisol,30,j755,60.0072097835,1
Naftisol,35,j755,62.732857600500004,1
Naftisol,40,j755,67.2077102951,1
Naftisol,45,j755,69.56362075979999,1
Stelasyn,0,s565,45.0,0
Stelasyn,5,s565,48.2425521816,0
Stelasyn,10,s565,52.7775270975,0
Stelasyn,15,s565,54.328316635,1
Stelasyn,20,s565,57.0461891185,1
Stelasyn,25,s565,58.5536107924,1
Stelasyn,30,s565,63.6689667821,1
Stelasyn,35,s565,64.77657908649999,2
Stelasyn,40,s565,67.2210069793,2
Stelasyn,45,s565,72.58896446770001,2
Stelasyn,0,a366,45.0,0
Stelasyn,5,a366,48.9513677307,0
Stelasyn,10,a366,53.523990068500005,0
Stelasyn,15,a366,55.265581626899994,0
Stelasyn,20,a366,57.2859874161,0
Stelasyn,25,a366,59.0117281702,0
Stelasyn,30,a366,63.440686273599994,1
Stelasyn,0,p387,45.0,0
Stelasyn,5,p387,48.6676307472,0
Stelasyn,10,p387,53.362962941000006,0
Stelasyn,15,p387,55.2513803256,0
Stelasyn,20,p387,56.5876167975,0
Stelasyn,25,p387,58.098489458500005,0
Stelasyn,30,p387,63.2692455226,0
Stelasyn,35,p387,66.4922037978,1
Stelasyn,40,p387,69.0388761787,1
Stelasyn,0,b879,45.0,0
Stelasyn,5,b879,49.1561562774,1
Stelasyn,10,b879,50.3389458287,1
Stelasyn,15,b879,51.6183865728,1
Stelasyn,20,b879,53.9834356818,1
Stelasyn,25,b879,56.4699874382,2
Stelasyn,30,b879,60.9076148061,2
Stelasyn,35,b879,64.2608863279,2
Stelasyn,40,b879,67.1891266642,2
Stelasyn,45,b879,72.5552389364,2
Stelasyn,0,i901,45.0,0
Stelasyn,5,i901,46.493023919399995,0
Stelasyn,10,i901,50.4212498188,0
Stelasyn,15,i901,51.4196423913,0
Stelasyn,20,i901,55.9744050244,0
Stelasyn,25,i901,56.5751949982,0
Stelasyn,30,i901,60.5918575471,0
Stelasyn,35,i901,62.1273356091,0
Stelasyn,40,i901,64.3034545102,0
Stelasyn,45,i901,65.3418108738,0
Stelasyn,0,k862,45.0,0
Stelasyn,5,k862,49.2030578603,0
Stelasyn,10,k862,50.5235500683,1
Stelasyn,15,k862,54.4745336208,1
Stelasyn,20,k862,57.057848183500006,1
Stelasyn,25,k862,58.719297297299995,2
Stelasyn,30,k862,60.605439789799995,3
Stelasyn,35,k862,66.5807224433,3
Stelasyn,40,k862,67.5713412826,4
Stelasyn,45,k862,69.2991490732,4
Stelasyn,0,g867,45.0,0
Stelasyn,5,g867,46.8807491586,0
Stelasyn,10,g867,48.1834016703,0
Stelasyn,15,g867,51.0604192395,1
Stelasyn,0,s619,45.0,0
Stelasyn,5,s619,46.6022687751,0
Stelasyn,0,w697,45.0,0
Stelasyn,5,w697,48.3018226056,1
Stelasyn,10,w697,48.9250560049,2
Stelasyn,15,w697,52.657265186800004,2
Stelasyn,20,w697,54.2280909812,3
Stelasyn,25,w697,57.610394297,3
Stelasyn,30,w697,60.7206359101,3
Stelasyn,35,w697,63.6890421576,3
Stelasyn,0,j984,45.0,0
Stelasyn,5,j984,48.4107210949,1
Stelasyn,10,j984,50.14108401399999,1
Stelasyn,15,j984,51.166756873100006,1
Stelasyn,20,j984,54.37251566689999,1
Stelasyn,25,j984,57.0643547939,1
Stelasyn,30,j984,61.2405057258,1
Stelasyn,35,j984,64.0553989564,1
Stelasyn,40,j984,67.7770803588,1
Stelasyn,45,j984,70.6538316181,1
Stelasyn,0,c402,45.0,0
Stelasyn,5,c402,49.3426301024,1
Stelasyn,10,c402,50.5668941174,1
Stelasyn,15,c402,52.2307194355,1
Stelasyn,20,c402,54.883320442700004,2
Stelasyn,25,c402,58.269888527,2
Stelasyn,30,c402,63.7431942843,2
Stelasyn,35,c402,65.80796270020001,2
Stelasyn,40,c402,70.2222967893,2
Stelasyn,45,c402,74.0403901771,3
Stelasyn,0,h333,45.0,0
Stelasyn,5,h333,45.75172728020001,0
Stelasyn,10,h333,46.233844138900004,1
Stelasyn,15,h333,50.692603580299995,2
Stelasyn,20,h333,51.997806181099996,2
Stelasyn,25,h333,53.7309143434,2
Stelasyn,30,h333,55.4552897489,2
Stelasyn,0,k510,45.0,0
Stelasyn,5,k510,46.6084671022,0
Stelasyn,10,k510,47.658249795500005,1
Stelasyn,15,k510,49.6870516988,1
Stelasyn,20,k510,52.105573819300005,1
Stelasyn,0,p981,45.0,0
Stelasyn,5,p981,47.000627172799994,0
Stelasyn,10,p981,47.5458458532,0
Stelasyn,15,p981,49.6577097279,0
Stelasyn,20,p981,50.3580694704,0
Stelasyn,25,p981,52.5447048014,1
Stelasyn,30,p981,56.3391043173,1
Stelasyn,35,p981,59.1310229741,1
Stelasyn,0,t451,45.0,0
Stelasyn,5,t451,48.0471388219,0
Stelasyn,10,t451,48.957919057,0
Stelasyn,15,t451,49.652787722700005,0
Stelasyn,20,t451,51.063677928999994,0
Stelasyn,25,t451,55.527553445200006,0
Stelasyn,30,t451,59.2758226844,0
Stelasyn,35,t451,63.7569896424,0
Stelasyn,40,t451,67.654795994,1
Stelasyn,45,t451,68.711630197,1
Stelasyn,0,a963,45.0,0
Stelasyn,5,a963,46.23350580859999,0
Stelasyn,10,a963,47.1505220053,0
Stelasyn,15,a963,47.8368521776,0
Stelasyn,20,a963,51.4637344829,0
Stelasyn,25,a963,52.1298037405,0
Stelasyn,30,a963,53.4016673771,1
Stelasyn,35,a963,56.8139764581,1
Stelasyn,40,a963,58.4637868525,1
Stelasyn,45,a963,62.76509316520001,1
Stelasyn,0,m269,45.0,0
Stelasyn,5,m269,49.0111800953,0
Stelasyn,10,m269,50.86013006100001,0
Stelasyn,15,m269,55.9053435986,0
Stelasyn,20,m269,61.1458663804,0
Stelasyn,25,m269,64.8930197554,0
Stelasyn,30,m269,67.71250988220001,1
Stelasyn,35,m269,68.689917354,1
Stelasyn,40,m269,70.21464418640001,1
Stelasyn,45,m269,75.1236895484,1
Stelasyn,0,g989,45.0,0
Propriva,0,g989,45.0,0
Stelasyn,0,g989,45.0,0
Propriva,0,g989,45.0,0
Stelasyn,5,g989,48.786801463500005,0
Propriva,5,g989,48.786801463500005,0
Stelasyn,5,g989,47.5703920761,0
Propriva,5,g989,47.5703920761,0
Stelasyn,10,g989,51.7451561314,0
Propriva,10,g989,51.7451561314,0
Stelasyn,10,g989,49.8805278017,0
Propriva,10,g989,49.8805278017,0
Stelasyn,15,g989,51.3258520692,1
Propriva,15,g989,51.3258520692,1
Stelasyn,15,g989,53.442019761000005,0
Propriva,15,g989,53.442019761000005,0
Stelasyn,20,g989,55.3261220232,1
Propriva,20,g989,55.3261220232,1
Stelasyn,20,g989,54.6576500822,1
Propriva,20,g989,54.6576500822,1
Stelasyn,25,g989,56.0455635335,1
Propriva,25,g989,56.0455635335,1
Stelasyn,30,g989,59.0822939412,1
Propriva,30,g989,59.0822939412,1
Stelasyn,35,g989,62.5708796137,2
Propriva,35,g989,62.5708796137,2
Stelasyn,0,z314,45.0,0
Stelasyn,5,z314,45.934712167,0
Stelasyn,0,o848,45.0,0
Infubinol,0,v719,45.0,0
Infubinol,5,v719,47.1883632534,0
Infubinol,10,v719,51.4970541179,1
Infubinol,15,v719,52.609107575799996,1
Infubinol,20,v719,54.0486076896,1
Ramicane,0,q597,45.0,0
Ramicane,5,q597,45.766111039799995,0
Ramicane,10,q597,42.5379859779,0
Ramicane,15,q597,41.3956603602,0
Ramicane,20,q597,41.9255865973,0
Ramicane,25,q597,42.5757070942,1
Ramicane,30,q597,43.339161229300004,1
Ramicane,35,q597,43.8072014225,1
Ramicane,40,q597,44.471821213199995,2
Ramicane,45,q597,45.220868879499996,2
Infubinol,0,c895,45.0,0
Infubinol,5,c895,45.47754399,0
Infubinol,10,c895,49.779015424499995,0
Infubinol,15,c895,52.949464741499995,1
Infubinol,20,c895,53.676839604499996,2
Infubinol,25,c895,57.5341928813,2
Infubinol,30,c895,60.9697113308,2
Infubinol,0,a203,45.0,0
Infubinol,5,a203,48.508468400699996,0
Infubinol,10,a203,51.852437204,1
Infubinol,15,a203,52.77787049770001,1
Infubinol,20,a203,55.173336477700005,1
Infubinol,25,a203,56.7932083242,1
Infubinol,30,a203,59.5231972822,1
Infubinol,35,a203,61.93165006939999,2
Infubinol,40,a203,63.593490019499995,2
Infubinol,45,a203,67.9734187806,2
Zoniferol,0,f394,45.0,0
Zoniferol,5,f394,47.0330996326,0
Zoniferol,0,c264,45.0,0
Zoniferol,5,c264,45.79170389350001,0
Zoniferol,10,c264,49.0265919617,0
Zoniferol,15,c264,53.6649416525,1
Zoniferol,20,c264,54.568195702299995,1
Zoniferol,25,c264,56.966768764099996,2
Zoniferol,30,c264,57.823915560699994,2
Zoniferol,35,c264,61.0747950616,2
Zoniferol,40,c264,65.7083227208,2
Zoniferol,45,c264,67.9421210707,2
Zoniferol,0,n967,45.0,0
Zoniferol,5,n967,46.077191731300005,1
Zoniferol,10,n967,47.471723269799995,1
Zoniferol,15,n967,49.8250036162,1
Zoniferol,0,f545,45.0,0
Zoniferol,5,f545,46.5658126328,0
Zoniferol,10,f545,51.0725122479,0
Zoniferol,15,f545,53.9455442904,1
Zoniferol,20,f545,58.841188880299995,1
Zoniferol,25,f545,60.2534813862,1
Zoniferol,30,f545,65.8939860721,1
Zoniferol,35,f545,66.74292417310001,1
Zoniferol,40,f545,71.1081183452,1
Zoniferol,45,f545,73.3244322804,1
Zoniferol,0,k894,45.0,0
Zoniferol,5,k894,47.645686743999995,0
Zoniferol,10,k894,49.2728701133,1
Zoniferol,15,k894,49.9877656973,1
Zoniferol,20,k894,50.981639363199996,1
Zoniferol,25,k894,52.3258383266,2
Zoniferol,30,k894,54.400122789300006,3
Zoniferol,35,k894,55.3626623753,4
Zoniferol,40,k894,58.647056157,4
Zoniferol,45,k894,60.7527041686,4
Zoniferol,0,k754,45.0,0
Zoniferol,5,k754,45.727760403699996,0
Zoniferol,10,k754,49.746116661,0
Zoniferol,15,k754,51.3235699401,0
Zoniferol,20,k754,52.6934227606,1
Zoniferol,0,g296,45.0,0
Zoniferol,5,g296,46.593233366499994,0
Zoniferol,10,g296,48.2695086075,0
Zoniferol,15,g296,49.6532440363,1
Zoniferol,20,g296,51.4471183001,2
Zoniferol,25,g296,55.6701066045,3
Zoniferol,30,g296,57.997706416599996,3
Zoniferol,35,g296,60.3845197846,4
Zoniferol,40,g296,62.2219149274,4
Zoniferol,45,g296,68.16319517069999,4
Zoniferol,0,d164,45.0,0
Zoniferol,5,d164,46.617670614,0
Zoniferol,10,d164,47.4746446813,1
Zoniferol,0,w575,45.0,0
Zoniferol,5,w575,48.9138597737,1
Zoniferol,10,w575,50.1359554709,1
Zoniferol,15,w575,50.8674517572,1
Zoniferol,20,w575,55.591815495,1
Zoniferol,25,w575,58.5873216927,1
Zoniferol,30,w575,60.1530652379,1
Zoniferol,35,w575,63.6864450308,2
Zoniferol,40,w575,64.938406207,3
Zoniferol,45,w575,68.4012859299,3
Zoniferol,0,x613,45.0,0
Zoniferol,5,x613,46.0970405801,0
Zoniferol,10,x613,46.8181759016,0
Zoniferol,15,x613,48.077646404700005,0
Zoniferol,0,q633,45.0,0
Zoniferol,5,q633,47.1838021471,0
Zoniferol,10,q633,49.0018655887,0
Zoniferol,15,q633,50.5835572966,1
Zoniferol,20,q633,53.287286808000005,1
Zoniferol,25,q633,55.6831017,1
Zoniferol,30,q633,58.0572525749,1
Zoniferol,35,q633,63.125659298100004,1
Zoniferol,40,q633,68.4986387581,2
Zoniferol,45,q633,70.8277963054,2
Zoniferol,0,b313,45.0,0
Zoniferol,5,b313,47.154432544799995,0
Zoniferol,10,b313,48.3193721835,1
Zoniferol,15,b313,49.188387346899994,1
Zoniferol,20,b313,53.979679695200005,1
Zoniferol,25,b313,55.7451462776,1
Zoniferol,0,f129,45.0,0
Zoniferol,5,f129,47.0005939912,0
Zoniferol,10,f129,48.1797190801,1
Zoniferol,15,f129,49.988302463500006,1
Zoniferol,0,j365,45.0,0
Zoniferol,5,j365,46.7112610998,0
Zoniferol,10,j365,48.3493202828,0
Zoniferol,15,j365,49.588263358199995,0
Zoniferol,20,j365,50.939352777399996,1
Zoniferol,25,j365,51.810320400600006,1
Zoniferol,30,j365,54.4048817649,1
Zoniferol,35,j365,56.9612001622,2
Zoniferol,40,j365,62.327170655500005,2
Zoniferol,45,j365,64.2940849315,2
Zoniferol,0,p136,45.0,0
Zoniferol,5,p136,49.273970958999996,0
Zoniferol,10,p136,50.9078902812,0
Zoniferol,15,p136,51.9914161632,1
Zoniferol,20,p136,54.9137985665,1
Zoniferol,25,p136,56.2814765233,1
Zoniferol,30,p136,57.0528054555,1
Zoniferol,35,p136,57.6307819529,1
Zoniferol,40,p136,61.3802488668,1
Zoniferol,45,p136,63.488696780299996,2
Zoniferol,0,c559,45.0,0
Zoniferol,5,c559,46.562637930200005,0
Zoniferol,10,c559,47.2932601213,0
Zoniferol,15,c559,51.414903580200004,1
Zoniferol,20,c559,52.6043669453,2
Zoniferol,25,c559,54.555441683000005,2
Zoniferol,30,c559,57.146143883,2
Zoniferol,35,c559,59.4550407417,2
Zoniferol,40,c559,60.86184431229999,3
Zoniferol,45,c559,61.840058422,4
Zoniferol,0,a788,45.0,0
Zoniferol,5,a788,47.0065802437,0
Zoniferol,10,a788,50.1597213166,1
Zoniferol,15,a788,52.539949263800004,1
Zoniferol,20,a788,54.0609833167,1
Zoniferol,25,a788,56.7702802971,1
Zoniferol,30,a788,60.4137090758,1
Zoniferol,0,s337,45.0,0
Zoniferol,5,s337,46.8498515661,0
Zoniferol,10,s337,47.8944414988,0
Zoniferol,15,s337,48.5715158185,0
Zoniferol,20,s337,49.2020540787,1
Zoniferol,25,s337,50.9706888979,2
Zoniferol,30,s337,52.747717676099995,3
Zoniferol,35,s337,54.810812508400005,3
Zoniferol,40,s337,56.9948158925,4
Zoniferol,45,s337,62.1096510197,4
Zoniferol,0,q511,45.0,0
Zoniferol,5,q511,45.8326537772,0
Zoniferol,10,q511,50.3116468696,0
Zoniferol,15,q511,52.1330813859,0
Zoniferol,20,q511,52.6727120546,0
Zoniferol,25,q511,57.2575828717,0
Zoniferol,30,q511,59.364353504499995,1
Zoniferol,35,q511,60.8386605931,1
Zoniferol,40,q511,63.1944280711,2
Zoniferol,45,q511,68.61106074770001,3
Zoniferol,0,m331,45.0,0
Zoniferol,5,m331,45.5230137147,1
Zoniferol,10,m331,47.646877348800004,1
Zoniferol,15,m331,52.1100875766,1
Zoniferol,0,o926,45.0,0
Zoniferol,5,o926,46.7611637314,0
Zoniferol,10,o926,47.565673635900005,1
Zoniferol,15,o926,48.254248392799994,1
Zoniferol,20,o926,51.826638253,2
Zoniferol,25,o926,54.7633385212,3
Zoniferol,30,o926,56.9173983838,3
Zoniferol,35,o926,58.593993177200005,3
Zoniferol,40,o926,59.903044476999995,3
Zoniferol,45,o926,62.327966062899996,4
Zoniferol,0,d133,45.0,0
Propriva,0,n630,45.0,0
Propriva,5,n630,46.0990996926,0
Zoniferol,0,a401,45.0,0
Zoniferol,5,a401,46.1119859138,0
Zoniferol,10,a401,47.7259374025,1
Zoniferol,15,a401,49.934725416599996,1
Zoniferol,20,a401,52.20451135729999,2
Zoniferol,25,a401,54.2098355061,3
Zoniferol,30,a401,55.9101615864,3
Zoniferol,35,a401,60.347144674,3
Zoniferol,40,a401,61.7686053849,4
Zoniferol,45,a401,66.79415598920001,4
Propriva,0,w350,45.0,0
Propriva,5,w350,48.232113105,0
Propriva,10,w350,48.899552379700005,0
Propriva,15,w350,50.8546323041,1
Propriva,20,w350,52.1323206066,1
Propriva,25,w350,52.8059151802,1
Propriva,30,w350,55.8799089617,1
Propriva,35,w350,56.683557576800006,1
Propriva,40,w350,62.324347690100005,2
Propriva,45,w350,64.957561848,2
Zoniferol,0,c302,45.0,0
Zoniferol,5,c302,47.690679858500005,1
Zoniferol,10,c302,48.5335670388,1
Zoniferol,15,c302,52.71663458890001,2
Zoniferol,20,c302,54.0809083649,3
Zoniferol,25,c302,55.0762285293,3
Zoniferol,30,c302,57.419743886999996,3
Zoniferol,35,c302,62.2365715655,3
Zoniferol,40,c302,63.281071482399994,4
Zoniferol,45,c302,64.5752215711,4
Placebo,0,a897,45.0,0
Placebo,5,a897,45.6911240483,1
Placebo,10,a897,47.972927076800005,1
Placebo,15,a897,52.3430852455,2
Placebo,20,a897,54.5957054124,3
Placebo,25,a897,56.4133197742,3
Placebo,30,a897,59.9169344271,3
Placebo,35,a897,64.0528731025,3
Placebo,40,a897,67.211742786,4
Placebo,45,a897,72.2559630577,4
Placebo,0,j235,45.0,0
Placebo,5,j235,46.588819783599995,0
Placebo,10,j235,48.018787924399994,1
Placebo,15,j235,51.1611381503,1
Placebo,20,j235,52.942901685699994,1
Placebo,0,q787,45.0,0
Placebo,5,q787,47.1166158739,0
Placebo,10,q787,48.5938623364,1
Placebo,15,q787,49.2177324345,2
Placebo,20,q787,50.229934186099996,2
Placebo,25,q787,52.713187855200005,2
Placebo,30,q787,55.0362062491,2
Placebo,35,q787,60.3338524187,3
Placebo,40,q787,62.03412670310001,3
Placebo,45,q787,66.0964747731,3
Placebo,0,a262,45.0,0
Placebo,5,a262,48.717568191000005,1
Placebo,10,a262,49.5951812923,1
Placebo,15,a262,53.82797367479999,2
Placebo,20,a262,57.01331331,2
Placebo,25,a262,60.1318621679,2
Placebo,30,a262,64.9580917839,3
Placebo,35,a262,66.5619630236,4
Placebo,40,a262,69.592731975,4
Placebo,45,a262,70.7176205811,4
Placebo,0,r850,45.0,0
Placebo,5,r850,46.8629119373,0
Placebo,10,r850,48.515090853800004,1
Placebo,15,r850,50.218604692,1
Placebo,0,i669,45.0,0
Placebo,5,i669,46.7646682399,1
Placebo,10,i669,48.2816334005,1
Placebo,15,i669,48.857600704,1
Placebo,20,i669,50.873690269700006,1
Placebo,25,i669,53.3031845548,2
Placebo,0,n763,45.0,0
Placebo,5,n763,46.0859814231,0
Placebo,10,n763,46.817315262600005,1
Placebo,15,n763,47.7980996091,1
Placebo,20,n763,49.2581258142,1
Placebo,25,n763,53.4058705293,2
Placebo,30,n763,55.41365960979999,3
Placebo,35,n763,57.3824129586,3
Placebo,40,n763,58.011145829600004,4
Placebo,0,s152,45.0,0
Placebo,5,s152,47.459052900299994,1
Placebo,10,s152,52.18164420350001,2
Placebo,15,s152,57.22498063689999,2
Placebo,20,s152,62.351609445600005,2
Placebo,25,s152,64.1191421308,2
Placebo,0,c766,45.0,0
Placebo,5,c766,47.3130553707,0
Placebo,10,c766,49.5002709847,1
Placebo,15,c766,50.5966332487,2
Placebo,20,c766,53.0068646304,3
Placebo,25,c766,58.214624371999996,3
Placebo,30,c766,60.2559244984,3
Placebo,35,c766,65.9523679089,4
Placebo,40,c766,67.68529455779999,4
Placebo,45,c766,69.8231457684,4
Placebo,0,e227,45.0,0
Placebo,5,e227,47.238011122799996,0
Placebo,10,e227,51.3497570463,1
Placebo,15,e227,52.8339419644,1
Placebo,20,e227,56.607552103100005,1
Placebo,25,e227,60.600291685600006,1
Placebo,30,e227,62.4643851526,2
Placebo,35,e227,66.9491213569,3
Placebo,40,e227,70.7152176003,3
Placebo,45,e227,73.2129385077,3
Placebo,0,c282,45.0,0
Placebo,5,c282,45.725689726400006,0
Placebo,10,c282,48.179506376400006,0
Placebo,15,c282,49.2660787336,0
Placebo,20,c282,51.9505742324,0
Placebo,25,c282,56.292200388000005,1
Placebo,30,c282,59.005902068500006,1
Placebo,35,c282,59.8876547494,1
Placebo,40,c282,65.0217994401,2
Placebo,45,c282,65.8151653496,2
Placebo,0,v989,45.0,0
Placebo,5,v989,48.858134512700005,0
Placebo,10,v989,52.61468889020001,1
Zoniferol,0,w140,45.0,0
Zoniferol,5,w140,47.71795156060001,0
Placebo,0,v409,45.0,0
Placebo,5,v409,46.2207964218,0
Placebo,10,v409,50.649038422299995,1
Placebo,0,l872,45.0,0
Placebo,0,o795,45.0,0
Placebo,5,o795,46.760927208000005,1
Placebo,10,o795,51.1237037021,1
Placebo,15,o795,55.8863379287,2
Placebo,20,o795,60.610059159799995,3
Placebo,25,o795,65.7417772276,4
Placebo,30,o795,68.2170697425,4
Placebo,35,o795,69.0850941547,4
Placebo,40,o795,70.26647886960001,4
Placebo,45,o795,73.0594543492,4
Placebo,0,y478,45.0,0
Placebo,5,y478,48.6410781799,1
Placebo,10,y478,52.2889340897,1
Placebo,15,y478,53.610405845,1
Placebo,20,y478,56.8488501637,1
Placebo,25,y478,57.8269759771,1
Placebo,30,y478,59.3746145163,1
Placebo,35,y478,61.888026776800004,1
Placebo,40,y478,65.9711201741,1
Placebo,45,y478,66.842634534,1
Placebo,0,q582,45.0,0
Placebo,5,q582,45.9553989471,1
Placebo,10,q582,47.013575143999994,1
Placebo,15,q582,48.322640182200004,2
Placebo,20,q582,51.1859764799,2
Placebo,25,q582,51.9682105622,2
Placebo,30,q582,52.64889349560001,2
Placebo,35,q582,53.71315791520001,2
Placebo,0,s166,45.0,0
Placebo,5,s166,47.1867877757,0
Placebo,10,s166,49.00012467649999,0
Placebo,0,x773,45.0,0
Placebo,5,x773,45.850830700500005,1
Placebo,10,x773,47.18920597100001,2
Placebo,15,x773,47.671235576099996,3
Placebo,20,x773,49.7397128983,3
Placebo,25,x773,51.1044210864,3
Placebo,30,x773,52.813115177,4
Placebo,35,x773,55.1927363917,4
Placebo,40,x773,55.9876755056,4
Placebo,45,x773,58.63497148689999,4
Placebo,0,w167,45.0,0
Placebo,5,w167,48.786271943500005,0
Placebo,10,w167,51.8264096538,0
Placebo,15,w167,53.9004890913,0
Placebo,20,w167,57.548156688999995,0
Placebo,25,w167,61.868576732,0
Placebo,30,w167,67.1978718559,0
Placebo,35,w167,68.1342881703,0
Placebo,0,t718,45.0,0
Placebo,5,t718,45.9212527234,1
Placebo,10,t718,46.39268804859999,1
Placebo,15,t718,48.0851255155,1
Placebo,20,t718,52.6367000006,2
Placebo,25,t718,55.876587873999995,3
Placebo,30,t718,57.7041137204,3
Placebo,35,t718,60.4638985119,3
Placebo,40,t718,61.530398900200005,3
Placebo,45,t718,63.4236951662,4
Placebo,0,o302,45.0,0
Placebo,5,o302,48.9370118777,0
Placebo,10,o302,49.7014498925,0
Placebo,15,o302,51.381488855,0
Placebo,20,o302,56.1776114258,0
Placebo,25,o302,60.517102525,0
Placebo,30,o302,62.03059364479999,1
Placebo,0,i477,45.0,0
Placebo,5,i477,46.6573847087,0
Placebo,10,i477,47.5206320557,0
Placebo,0,c757,45.0,0
Placebo,5,c757,47.7832798083,0
Placebo,10,c757,49.219316685200006,0
Placebo,15,c757,51.5326030045,0
Placebo,20,c757,52.8186340079,1
Placebo,25,c757,57.106418205,2
Placebo,30,c757,60.0985718432,2
Placebo,35,c757,64.2911635123,2
Placebo,40,c757,66.6043677097,2
Placebo,45,c757,69.04284081770001,3
Placebo,0,t994,45.0,0
Placebo,5,t994,47.8914870979,0
Placebo,10,t994,52.614163499200004,1
Placebo,15,t994,53.4586388685,1
Placebo,20,t994,56.527951594799994,1
Propriva,0,p310,45.0,0
Propriva,5,p310,46.55853236229999,1
Propriva,10,p310,48.6656066817,1
Propriva,15,p310,49.7707414379,1
Propriva,20,p310,54.2051805405,1
Propriva,25,p310,55.3418341569,2
Propriva,0,a699,45.0,0
Propriva,5,a699,46.55308985520001,0
Propriva,10,a699,47.8673756864,0
Propriva,15,a699,49.530401373400004,0
Propriva,20,a699,50.7124233362,0
Propriva,25,a699,51.8463814709,0
Propriva,30,a699,54.37934505,0
Propriva,35,a699,56.5106823354,1
Propriva,40,a699,58.605448163599995,1
Propriva,45,a699,62.1914143712,1
Propriva,0,k603,45.0,0
Propriva,5,k603,46.042115822700005,0
Propriva,10,k603,46.6069467587,0
Propriva,15,k603,48.7752854973,0
Propriva,20,k603,50.180109351000006,0
Ceftamin,0,x822,45.0,0
Ceftamin,5,x822,45.671104424700005,1
Ceftamin,10,x822,48.9837166792,1
Ceftamin,15,x822,49.694665333900005,1
Ceftamin,20,x822,51.9149096805,2
Ceftamin,25,x822,54.0413332582,2
Ceftamin,30,x822,55.4451548315,2
Ceftamin,35,x822,56.7965666526,2
Ceftamin,40,x822,59.5556846563,2
Ceftamin,45,x822,61.386660315200004,3
Ceftamin,0,l558,45.0,0
Ceftamin,5,l558,45.809088816199996,0
Ceftamin,10,l558,46.7845349065,0
Ceftamin,0,l733,45.0,0
Ceftamin,5,l733,46.174226268199995,0
Ceftamin,10,l733,48.3549515398,0
Ceftamin,15,l733,49.285195035600005,0
Ceftamin,20,l733,53.244311567,1
Ceftamin,25,l733,54.951668263500004,1
Ceftamin,30,l733,56.3190653669,1
Ceftamin,35,l733,57.6007977375,1
Ceftamin,40,l733,59.443506495200005,1
Ceftamin,45,l733,64.2998300327,1
Ceftamin,0,f436,45.0,0
Ceftamin,5,f436,46.3707975921,1
Ceftamin,10,f436,48.146977582,2
Ceftamin,15,f436,48.722077849399994,2
Ceftamin,0,l490,45.0,0
Ceftamin,5,l490,45.6125391753,1
Ceftamin,10,l490,47.2596059376,1
Ceftamin,15,l490,50.5248126764,1
Ceftamin,20,l490,51.9054469916,1
Ceftamin,25,l490,55.810033590799996,2
Ceftamin,30,l490,57.918381316499996,3
Ceftamin,0,b759,45.0,0
Ceftamin,5,b759,48.0091904896,0
Ceftamin,10,b759,49.1333549892,0
Ceftamin,15,b759,51.587799059700004,0
Ceftamin,20,b759,54.44303502060001,0
Ceftamin,25,b759,55.0836323492,0
Ceftamin,30,b759,55.742828691899994,1
Ceftamin,0,l471,45.0,0
Ceftamin,5,l471,46.251872037700004,0
Ceftamin,10,l471,48.182063061899996,0
Ceftamin,15,l471,49.406879008599994,0
Ceftamin,20,l471,52.2283269846,0
Ceftamin,25,l471,52.8475589322,1
Ceftamin,30,l471,58.0936044633,1
Ceftamin,35,l471,61.4059991646,1
Ceftamin,40,l471,63.84485785,1
Ceftamin,45,l471,67.7486617382,1
Ceftamin,0,y865,45.0,0
Ceftamin,5,y865,46.7350059228,1
Ceftamin,10,y865,49.5227395512,1
Ceftamin,15,y865,50.8065185581,1
Ceftamin,20,y865,52.361982411599996,1
Ceftamin,25,y865,57.173538463,2
Ceftamin,30,y865,59.0332753041,3
Ceftamin,35,y865,61.153139910600004,3
Ceftamin,40,y865,63.469549459899994,3
Ceftamin,45,y865,64.7298365528,3
Ceftamin,0,y769,45.0,0
Ceftamin,5,y769,46.4226517593,1
Ceftamin,10,y769,48.015162605600004,1
Ceftamin,15,y769,52.761021138400004,2
Ceftamin,20,y769,55.0257243359,2
Ceftamin,25,y769,58.3359590128,3
Ceftamin,30,y769,61.071948864300005,3
Ceftamin,35,y769,63.4306322123,3
Ceftamin,40,y769,64.2510276139,4
Ceftamin,45,y769,68.5947449754,4
Ceftamin,0,l661,45.0,0
Ceftamin,5,l661,46.2687990432,0
Ceftamin,10,l661,49.6836195618,0
Ceftamin,15,l661,50.9475448381,1
Ceftamin,20,l661,52.617490027200006,1
Ceftamin,25,l661,53.180656782700005,2
Ceftamin,30,l661,55.3290993571,2
Ceftamin,35,l661,56.4741287099,2
Ceftamin,40,l661,59.205668760500004,3
Ceftamin,45,l661,59.8519555174,3
Ceftamin,0,j296,45.0,0
Ceftamin,5,j296,46.799255907299994,1
Ceftamin,10,j296,48.529977621099995,2
Ceftamin,15,j296,50.7012795885,2
Ceftamin,20,j296,54.005342088999996,3
Ceftamin,25,j296,55.76714817,3
Ceftamin,30,j296,56.803061207,3
Ceftamin,35,j296,58.714482958199994,3
Ceftamin,40,j296,60.0726884804,3
Ceftamin,45,j296,61.8490233555,3
Ceftamin,0,u149,45.0,0
Ceftamin,5,u149,45.7920679201,0
Ceftamin,10,u149,47.4048343929,0
Ceftamin,15,u149,48.5223734258,0
Ceftamin,20,u149,50.3780578929,0
Ceftamin,25,u149,52.9253484646,0
Ceftamin,0,u153,45.0,0
Ceftamin,0,w151,45.0,0
Ceftamin,5,w151,45.5460759472,1
Ceftamin,10,w151,46.501476088500006,1
Ceftamin,15,w151,47.2429286461,1
Ceftamin,20,w151,49.5542629542,2
Ceftamin,25,w151,51.8690586965,2
Ceftamin,30,w151,56.7671582075,2
Ceftamin,35,w151,58.3391409547,2
Ceftamin,40,w151,62.187950389099996,2
Ceftamin,45,w151,67.5274823673,3
Ceftamin,0,h531,45.0,0
Ceftamin,5,h531,47.78468180350001,0
Infubinol,0,a685,45.0,0
Infubinol,5,a685,46.870482556800006,0
Infubinol,10,a685,47.664752644,0
Infubinol,15,a685,48.951474422,0
Infubinol,20,a685,49.490559016999995,0
Infubinol,25,a685,51.93995092270001,0
Infubinol,30,a685,55.4538551891,1
Infubinol,35,a685,58.0926292504,1
Infubinol,40,a685,60.5679037056,2
Infubinol,45,a685,66.08306589,3
Infubinol,0,o813,45.0,0
Infubinol,5,o813,45.699330877799994,0
Infubinol,0,m756,45.0,0
Infubinol,5,m756,47.0103640056,1
Infubinol,0,n671,45.0,0
Infubinol,5,n671,47.3538893818,0
Infubinol,10,n671,51.0393565292,0
Infubinol,15,n671,54.216064105200005,0
Infubinol,20,n671,54.822520906099996,0
Infubinol,25,n671,56.174457851099994,0
Infubinol,30,n671,60.1651804559,0
Infubinol,0,s121,45.0,0
Infubinol,5,s121,45.6356617442,1
Infubinol,10,s121,49.0488347855,1
Infubinol,15,s121,50.824560307700004,2
Infubinol,20,s121,52.005065899899996,2
Infubinol,25,s121,55.65068131899999,2
Infubinol,0,v766,45.0,0
Infubinol,5,v766,48.1512509146,1
Infubinol,10,v766,50.3631098827,1
Infubinol,15,v766,51.5424305838,1
Infubinol,0,w193,45.0,0
Infubinol,5,w193,45.4938580222,0
Infubinol,10,w193,48.3465504575,0
Infubinol,15,w193,49.385573728999994,0
Infubinol,20,w193,50.005138074499996,0
Infubinol,0,e476,45.0,0
Infubinol,5,e476,47.11180112979999,0
Infubinol,10,e476,49.431685363199996,0
Infubinol,15,e476,54.0462126734,0
Infubinol,20,e476,55.249272955100004,0
Infubinol,25,e476,57.4086380039,0
Infubinol,30,e476,57.99279743,1
Infubinol,35,e476,60.0643402029,1
Infubinol,40,e476,61.5252758296,1
Infubinol,45,e476,62.4354040184,1
Infubinol,0,w584,45.0,0
Infubinol,5,w584,46.0519307545,0
Infubinol,10,w584,47.29850793600001,0
Infubinol,15,w584,51.26543971,0
Infubinol,20,w584,53.3235074308,1
Infubinol,25,w584,55.6508379117,1
Infubinol,30,w584,58.2684424837,1
Ceftamin,0,b447,45.0,0
Ceftamin,0,k210,45.0,0
Ceftamin,5,k210,47.918997705600006,0
Ceftamin,10,k210,49.3799323142,0
Ceftamin,15,k210,51.073557516,0
Ceftamin,20,k210,51.9976185453,0
Ceftamin,25,k210,54.613972794300004,0
Ceftamin,30,k210,59.9895097609,1
Ceftamin,35,k210,63.329330227,1
Ceftamin,40,k210,66.62283627560001,2
Ceftamin,45,k210,68.9231845721,3
Ceftamin,0,a275,45.0,0
Ceftamin,5,a275,46.795257280600005,0
Ceftamin,10,a275,47.3713432827,0
Ceftamin,15,a275,49.7344035867,0
Ceftamin,20,a275,50.513436516999995,1
Ceftamin,25,a275,53.5760641671,1
Ceftamin,30,a275,54.4447131688,2
Ceftamin,35,a275,56.35353803939999,2
Ceftamin,40,a275,60.921538678699996,3
Ceftamin,45,a275,62.9993561904,3
Ceftamin,0,x581,45.0,0
Ceftamin,5,x581,47.1969265953,0
Ceftamin,10,x581,49.0670278775,1
Ceftamin,15,x581,49.746427444300004,2
Ceftamin,20,x581,51.2079694323,3
Ceftamin,25,x581,51.9352831811,3
Ceftamin,30,x581,55.4928260178,3
Ceftamin,35,x581,58.0775829251,3
Ceftamin,40,x581,60.280405485799996,3
Ceftamin,45,x581,64.63494887479999,3
Propriva,0,n482,45.0,0
Propriva,0,t198,45.0,0
Propriva,5,t198,47.461260521999996,0
Propriva,10,t198,49.0008097751,1
Propriva,15,t198,49.7811807982,2
Propriva,20,t198,51.4907399809,3
Propriva,25,t198,56.184663987,3
Propriva,30,t198,56.9249743083,3
Propriva,35,t198,57.735941156,3
Propriva,40,t198,59.1299599699,4
Propriva,45,t198,64.9113626787,4
Propriva,0,l215,45.0,0
Propriva,5,l215,49.481949353199994,1
Propriva,10,l215,53.6539695982,1
Propriva,0,s141,45.0,0
Propriva,5,s141,45.8311343446,0
Propriva,10,s141,47.2356915575,0
Propriva,15,s141,49.2323453829,1
Propriva,20,s141,51.621645702799995,1
Propriva,25,s141,53.8043703838,1
Propriva,30,s141,55.841410065,1
Propriva,0,o523,45.0,0
Propriva,5,o523,45.5447000844,0
Propriva,10,o523,47.0810859034,1
Propriva,0,i635,45.0,0
Propriva,5,i635,47.235937153100004,0
Propriva,10,i635,48.6857560472,1
Propriva,15,i635,49.536897745699996,1
Propriva,20,i635,51.8770618925,1
Propriva,25,i635,52.9288232312,1
Propriva,30,i635,53.5970381963,2
Propriva,35,i635,55.679996556800006,2
Propriva,40,i635,56.8424351425,3
Propriva,45,i635,58.633404140100005,3
Propriva,0,w746,45.0,0
Propriva,5,w746,49.4532700546,0
Propriva,0,r107,45.0,0
Propriva,5,r107,48.513420271499996,0
Propriva,10,r107,49.1860105163,0
Propriva,15,r107,53.090335455600005,0
Propriva,20,r107,55.2638583958,0
Propriva,25,r107,57.70666715390001,1
Propriva,30,r107,58.406472558500006,1
Propriva,0,s187,45.0,0
Propriva,5,s187,47.576717609300005,1
Propriva,10,s187,48.14635120649999,1
Propriva,15,s187,52.08163224689999,1
Propriva,20,s187,53.744734056300004,1
Propriva,25,s187,56.4852198404,1
Propriva,30,s187,60.00878262649999,2
Propriva,0,g570,45.0,0
Propriva,5,g570,47.6564243575,1
Propriva,10,g570,49.1882316674,1
Propriva,15,g570,52.68269539520001,1
Propriva,20,g570,54.643295405500005,1
Propriva,25,g570,56.8494055954,1
Propriva,30,g570,60.3287170509,1
Propriva,35,g570,62.3304203966,2
Propriva,40,g570,68.5258561579,2
Propriva,45,g570,70.4927876341,2
Propriva,0,x209,45.0,0
Propriva,5,x209,46.7542688725,0
Propriva,10,x209,48.929895429700004,0
Propriva,0,x111,45.0,0
Propriva,5,x111,46.94101497729999,1
Propriva,10,x111,49.1229689833,1
Propriva,0,z435,45.0,0
Propriva,5,z435,47.1159796322,0
Propriva,10,z435,48.7106614712,0
Propriva,0,n678,45.0,0
Propriva,5,n678,47.55428428729999,0
Propriva,10,n678,49.1457086645,1
Propriva,0,g558,45.0,0
Propriva,5,g558,46.18874192770001,0
Propriva,10,g558,50.0947538217,0
Propriva,15,g558,51.007258002,0
Propriva,20,g558,55.0900969102,1
Propriva,25,g558,55.754082566,2
Propriva,30,g558,58.9528291072,3
Propriva,35,g558,60.8621588345,4
Propriva,40,g558,61.7749626799,4
Propriva,0,u946,45.0,0
Propriva,5,u946,45.991807800100005,1
Propriva,10,u946,46.7305059208,1
Propriva,15,u946,47.6730292145,1
Propriva,20,u946,49.1100496594,1
Propriva,0,o562,45.0,0
Propriva,5,o562,46.5149501609,1
Propriva,10,o562,47.1476700217,1
Propriva,15,o562,51.505085505299995,1
Propriva,20,o562,53.6168634714,1
Propriva,25,o562,54.742733155500005,1
Propriva,30,o562,59.653524533900004,1
Propriva,35,o562,65.3607674211,1
Propriva,40,o562,71.1724632085,1
Propriva,45,o562,72.4554211616,2
Propriva,0,v991,45.0,0
Propriva,5,v991,49.21432799,1
Propriva,10,v991,52.6449056961,1
Propriva,15,v991,54.5885909999,1
Propriva,20,v991,57.740694589600004,2
Propriva,25,v991,60.016747332799994,2
Propriva,30,v991,62.7436430758,3
Propriva,35,v991,63.8953129437,4
Propriva,40,v991,64.8511286037,4
Propriva,45,v991,70.1677489854,4
Propriva,0,c927,45.0,0
Propriva,5,c927,46.3518420477,0
Propriva,10,c927,50.965297666800005,1
Propriva,15,c927,53.266430869,1
Propriva,20,c927,55.481689223900005,1
Propriva,25,c927,56.5455194684,2
Propriva,30,c927,60.7539246042,2
Propriva,35,c927,61.8722736528,3
Propriva,40,c927,64.18322918060001,4
Ceftamin,0,x226,45.0,0
Ceftamin,0,p438,45.0,0
Ceftamin,5,p438,46.82793417680001,0
Ceftamin,10,p438,50.5174978917,0
Ceftamin,15,p438,52.1983681772,0
Ceftamin,20,p438,52.9052986063,0
Ceftamin,25,p438,54.510574925,0
Ceftamin,30,p438,56.4064217341,0
Ceftamin,35,p438,57.5385554628,1
Ceftamin,40,p438,59.3052880573,1
Ceftamin,45,p438,61.4338922251,1
Ceftamin,0,b487,45.0,0
Ceftamin,5,b487,46.2139773932,0
Ceftamin,10,b487,47.66438709810001,0
Ceftamin,15,b487,51.6832558567,0
Ceftamin,20,b487,53.4276634446,0
Ceftamin,25,b487,56.0577490854,1
Ceftamin,0,o287,45.0,0
Ceftamin,5,o287,45.5868036213,0
Ceftamin,10,o287,47.360200838199994,1
Ceftamin,15,o287,48.6794526075,1
Ceftamin,20,o287,50.8561407771,2
Ceftamin,25,o287,52.0684864185,3
Ceftamin,30,o287,54.5030012211,3
Ceftamin,35,o287,55.1182902851,4
Ceftamin,40,o287,57.1971928996,4
Ceftamin,45,o287,59.7419006401,4
Ceftamin,0,q483,45.0,0
Ceftamin,5,q483,46.7768162388,1
Ceftamin,10,q483,47.8391004992,1
Ceftamin,15,q483,48.4684825962,1
Ceftamin,20,q483,50.2398558011,1
Ceftamin,25,q483,52.4300664882,1
Ceftamin,30,q483,54.952225851,1
Ceftamin,35,q483,59.253484331,1
Ceftamin,40,q483,64.19234113520001,1
Ceftamin,0,t573,45.0,0
Infubinol,0,f345,45.0,0
Infubinol,5,f345,45.5911466041,0
Infubinol,10,f345,47.2224461932,0
Infubinol,15,f345,48.352238540500004,0
Infubinol,20,f345,49.6133830266,0
Infubinol,25,f345,53.078894402799996,0
Infubinol,30,f345,54.3637973094,1
Infubinol,35,f345,56.5233272649,1
Infubinol,40,f345,58.315592504099996,1
Infubinol,45,f345,60.9187665154,1
Ramicane,0,i334,45.0,0
Ramicane,5,i334,41.0205182104,0
Ramicane,10,i334,41.631247305900004,0
Ramicane,15,i334,39.1580011524,0
Ramicane,20,i334,39.6878316954,0
Ramicane,25,i334,38.2488173201,1
Ramicane,30,i334,39.0055543531,1
Ramicane,35,i334,39.769552101799995,2
Ramicane,40,i334,40.442370366999995,2
Ramicane,45,i334,36.3745103858,2
Ketapril,0,l264,45.0,0
Ketapril,5,l264,46.6687664579,0
Ketapril,10,l264,50.6595809445,0
Capomulin,0,j246,45.0,0
Capomulin,5,j246,45.6414378763,0
Capomulin,10,j246,46.4083612964,0
Capomulin,15,j246,43.3126541493,0
Capomulin,20,j246,44.020370085500005,0
Capomulin,25,j246,44.5552259519,0
Capomulin,30,j246,38.044082019,1
Capomulin,35,j246,38.7532654788,1
Capomulin,0,r554,45.0,0
Capomulin,5,r554,45.781745793,1
Capomulin,10,r554,39.0054934991,2
Capomulin,15,r554,35.463757627199996,2
Capomulin,20,r554,36.0155885796,2
Capomulin,25,r554,33.893345148499996,3
Capomulin,30,r554,32.6806545885,3
Capomulin,35,r554,33.0693370516,3
Capomulin,40,r554,31.804841329699997,3
Capomulin,45,r554,32.3773568408,3
Capomulin,0,s185,45.0,0
Capomulin,5,s185,43.878495686099996,0
Capomulin,10,s185,37.6149476787,0
Capomulin,15,s185,38.1772319541,0
Capomulin,20,s185,36.8668757626,0
Capomulin,25,s185,33.9499403692,0
Capomulin,30,s185,32.959670775999996,1
Capomulin,35,s185,28.32853059,1
Capomulin,40,s185,25.4721432616,1
Capomulin,45,s185,23.3435978665,1
Capomulin,0,b742,45.0,0
Capomulin,5,b742,41.5340970177,0
Capomulin,10,b742,41.9992281339,0
Capomulin,15,b742,39.5248430117,0
Capomulin,20,b742,37.950355464,0
Capomulin,25,b742,38.617684334699995,0
Capomulin,30,b742,39.1679494956,0
Capomulin,35,b742,39.8475755554,0
Capomulin,40,b742,38.255627397800005,0
Capomulin,45,b742,38.9396326337,0
Capomulin,0,x401,45.0,0
Capomulin,5,x401,45.4737530157,0
Capomulin,10,x401,39.113890678800004,0
Capomulin,15,x401,39.7762500318,0
Capomulin,20,x401,36.065834708000004,0
Capomulin,25,x401,36.617120313499996,0
Capomulin,30,x401,32.915291864000004,0
Capomulin,35,x401,30.2068248766,0
Capomulin,40,x401,28.167397323099998,0
Capomulin,45,x401,28.4840328114,0
Capomulin,0,l509,45.0,0
Capomulin,5,l509,45.8511928534,0
Capomulin,10,l509,46.7590736347,0
Capomulin,15,l509,47.4885993127,1
Capomulin,20,l509,48.0704516203,2
Capomulin,25,l509,44.006257018,2
Capomulin,30,l509,44.708054732600004,2
Capomulin,35,l509,40.2072885023,2
Capomulin,40,l509,40.7708125938,2
Capomulin,45,l509,41.4830076486,3
Capomulin,0,s710,45.0,0
Capomulin,5,s710,43.1809773956,0
Capomulin,10,s710,43.6880262658,0
Capomulin,15,s710,41.845235362800004,0
Capomulin,20,s710,42.629962657600004,1
Capomulin,25,s710,43.0604087491,1
Capomulin,30,s710,43.5717032336,1
Capomulin,35,s710,44.1605187913,1
Capomulin,40,s710,40.1719201094,1
Capomulin,45,s710,40.728577871599995,1
Capomulin,0,r157,45.0,0
Capomulin,5,r157,45.5970635931,0
Capomulin,10,r157,46.059608267,0
Capomulin,15,r157,46.539206172,0
Capomulin,0,u364,45.0,0
Capomulin,5,u364,45.760886472799996,1
Capomulin,10,u364,46.5684171913,2
Capomulin,15,u364,47.212199924,2
Capomulin,20,u364,40.3439481218,2
Capomulin,25,u364,35.5036155664,2
Capomulin,30,u364,35.9783343964,2
Capomulin,35,u364,35.4594897809,2
Capomulin,40,u364,36.0241375158,2
Capomulin,45,u364,31.0239229361,3
Capomulin,0,j119,45.0,0
Capomulin,5,j119,45.8389978688,0
Capomulin,10,j119,46.425365507799995,0
Capomulin,15,j119,47.322984279799996,0
Capomulin,20,j119,48.1582093856,1
Capomulin,25,j119,42.4171658876,1
Capomulin,30,j119,43.0136811371,1
Capomulin,35,j119,43.7657053733,1
Capomulin,40,j119,44.5850895996,1
Capomulin,45,j119,38.1251643976,1
Capomulin,0,v923,45.0,0
Capomulin,5,v923,45.7044343138,0
Capomulin,10,v923,39.848223284899994,0
Capomulin,15,v923,40.4579887681,0
Capomulin,20,v923,39.6482956778,0
Capomulin,25,v923,40.1564126858,1
Capomulin,30,v923,40.7522162629,2
Capomulin,35,v923,41.4392415569,2
Capomulin,40,v923,42.1510147986,2
Capomulin,45,v923,40.6581236579,2
Capomulin,0,w914,45.0,0
Capomulin,5,w914,45.893720323900006,0
Capomulin,10,w914,43.2319627458,0
Capomulin,15,w914,43.688448926599996,0
Capomulin,20,w914,41.108092328000005,0
Capomulin,25,w914,40.2919166099,0
Capomulin,30,w914,40.99311013,0
Capomulin,35,w914,41.6649157736,1
Capomulin,40,w914,35.6113086052,2
Capomulin,45,w914,36.0410473598,2
Capomulin,0,i738,45.0,0
Capomulin,5,i738,45.595685269899995,0
Capomulin,10,i738,43.4210141409,0
Capomulin,15,i738,37.978777818000005,0
Capomulin,20,i738,38.5311363449,0
Capomulin,25,i738,34.9734376085,0
Capomulin,30,i738,35.5787798701,1
Capomulin,35,i738,36.1759526888,1
Capomulin,40,i738,36.8438979862,2
Capomulin,45,i738,37.3118457744,2
Capomulin,0,r944,45.0,0
Capomulin,5,r944,45.7371448423,0
Capomulin,10,r944,46.5442920172,0
Capomulin,15,r944,47.37342325109999,0
Capomulin,20,r944,43.225671192600004,1
Capomulin,25,r944,41.0869910555,1
Capomulin,30,r944,41.680791107,1
Capomulin,35,r944,40.4017654219,2
Capomulin,40,r944,41.042044904,2
Capomulin,45,r944,41.5815207362,2
Capomulin,0,y793,45.0,0
Capomulin,5,y793,41.019913149699995,0
Capomulin,10,y793,41.6300102575,1
Capomulin,15,y793,42.283665123,1
Capomulin,20,y793,40.7164281529,2
Capomulin,25,y793,38.992733904,2
Capomulin,30,y793,35.72602314,2
Capomulin,35,y793,36.3278695997,2
Capomulin,40,y793,31.4754107558,2
Capomulin,45,y793,31.8962383998,2
Capomulin,0,g316,45.0,0
Capomulin,5,g316,44.022752456499994,0
Capomulin,10,g316,44.5020424625,0
Capomulin,15,g316,45.21674299439999,0
Capomulin,20,g316,45.933322187899996,1
Capomulin,25,g316,46.8092246925,1
Capomulin,30,g316,44.221479879600004,2
Capomulin,35,g316,44.7028329625,2
Capomulin,40,g316,45.56582103109999,2
Capomulin,45,g316,40.159220298600005,2
Capomulin,0,g288,45.0,0
Capomulin,5,g288,45.839399762700005,0
Capomulin,10,g288,46.3040025385,1
Capomulin,15,g288,42.1723007862,1
Capomulin,20,g288,42.9571200134,1
Capomulin,25,g288,42.368692385,1
Capomulin,30,g288,42.8744605586,1
Capomulin,35,g288,38.9541145767,1
Capomulin,40,g288,36.356851210500004,1
Capomulin,45,g288,37.0740242155,1
Capomulin,0,l897,45.0,0
Capomulin,5,l897,45.462243267299996,0
Capomulin,10,l897,46.154737213699995,0
Capomulin,15,l897,44.0615213987,0
Capomulin,20,l897,44.813093430600006,0
Capomulin,25,l897,45.3546791646,0
Capomulin,30,l897,39.3527920101,1
Capomulin,35,l897,37.682766641,1
Capomulin,40,l897,38.3439015408,1
Capomulin,45,l897,38.8468756907,1
Capomulin,0,w150,45.0,0
Capomulin,5,w150,39.2021289432,0
Capomulin,10,w150,39.9523466857,0
Capomulin,0,t565,45.0,0
Capomulin,5,t565,45.8956472045,0
Capomulin,10,t565,46.7490055228,0
Capomulin,15,t565,44.440948608599996,0
Capomulin,20,t565,39.0702137997,0
Capomulin,25,t565,37.3422097633,0
Capomulin,30,t565,32.8689161734,0
Capomulin,35,t565,33.5156706323,0
Capomulin,40,t565,33.9493413058,0
Capomulin,45,t565,34.4552979914,0
Capomulin,0,i557,45.0,0
Capomulin,5,i557,42.261665299899995,0
Capomulin,10,i557,42.9920765835,0
Capomulin,15,i557,43.5298757037,0
Capomulin,20,i557,43.9678951624,0
Capomulin,25,i557,44.59621854270001,0
Capomulin,30,i557,45.2613838113,0
Capomulin,35,i557,45.9419490139,0
Capomulin,40,i557,46.821069715600004,1
Capomulin,45,i557,47.6859630331,1
Capomulin,0,m957,45.0,0
Capomulin,5,m957,45.622381489700004,1
Capomulin,10,m957,46.4145177047,1
Capomulin,15,m957,39.8044534147,1
Capomulin,20,m957,38.9093491935,1
Capomulin,25,m957,37.695431538200005,1
Capomulin,30,m957,38.2124793925,1
Capomulin,35,m957,32.5628391419,1
Capomulin,40,m957,32.9476148417,1
Capomulin,45,m957,33.3290977815,1
Capomulin,0,f966,45.0,0
Capomulin,5,f966,38.7964737318,0
Capomulin,10,f966,35.6244026972,0
Capomulin,15,f966,32.6230025264,0
Capomulin,20,f966,30.4859848438,0
Capomulin,0,m601,45.0,0
Capomulin,5,m601,41.408591450100005,1
Capomulin,10,m601,36.825366635900004,1
Capomulin,15,m601,35.464611749,1
Capomulin,20,m601,34.2557316964,1
Capomulin,25,m601,33.1187560745,1
Capomulin,30,m601,31.758274905100002,1
Capomulin,35,m601,30.834357039,1
Capomulin,40,m601,31.378045301900002,1
Capomulin,45,m601,28.4309641063,1
